text,true_label,pred_label
après une mauvaise expérience en passant par les services de santiane j'ai décidé de refaire confiance à un comparateur en ligne et je suis tombée sur un cabinet lyonnais et j'ai été tres satisfaite par la qualité du conseil et des offres aujourd'hui je suis adhérente chez cegema et tt ce passe bien,5,4
bonjour je me bat aujourd hui depuis 2 mois et demis pour recuperer mon capital de 4000 euros apres un courrier pour le rachat total je devais sois disant le toucher au bout de 3 semaines et quand j appelle tous les interlocuteurs me répondent ben on sait pas pourquoi je n ai plus aucun retour car je suis passee par le responsable etc je n ai pas pu acheter de cadeaux pour mes enfants et je dois quitter mon appartement pour non payement de mes loyer depuis 3 mois suite à la vente de mon restaurant n ayant plus aucune ressources à cause d'eux de mon argent qu on ne veut pas me rendre c est inadmissible je hais cette assurance mensongère on nous mène en bateau tout le temps et on joue avec notre argent en laissant bien les gens dans la panade j ai honte pour eux et la cerise sur le gateau je recois un texto pour une bonne année,3,1
je veux attirer l'attention des clients gmf après des années des décennies avec un bonus de 50 j'ai eu coup sur coup deux accidents matériels responsabilité totale la gmf m'annonce que mon bonus passe à 5 à 0 62 c'est normal puis peu avant l'échéance suivante la gmf m'annonce recommandé avec a r que mon contrat est résilié alors attention même avec des années à 50 la gmf résilie ses contrats après 2 accidents dommage car j'étais très satisfait de la gmf jusqu'à présent j'allais écrire ce coup pendable dommage que les clients ne soient pas prévenus j'aurais pu changer d'assureur avant ça m'aurait coûté moins cher ils le seront maintenant j'espère,3,2
contrat signé avec une femme de 102 ans en signatures illisibles sans document avant contrat qui prouve l'intention d'engagement de cette femme sourde et aveugle 1 an avant son décès sur assurance à un prix hors normes,1,2
on n'est jamais satisfait des pris on aimerai qu'ils soient encore plus bas mais le service est très bien l'accueil agréable site internet facile d'utilisation,3,4
délai supérieur à 3 semaines 10 à 15 jours annoncés,1,2
j'ai malheureusement eu à faire appel à plusieurs reprises à pacifica pour pannes et j'ai toujours été très satisfaite de leurs service tenue au courant des délais d'attente avec suivi vérification pour éventuel dépannage conduite de mon véhicule chez le réparateur de mon choix,5,4
je suis chez axa valenciennes agence sulli depuis plus de 10 ans et même si j'habite maintenant à nantes je suis restée chez eux toutes mes assurances y sont regroupées je suis plus que satisfaite de leur écoute et de leur compréhension il ne s'agit pas seulement du montant de la cotisation qui compte quand on choisit une assurance c'est également le côte humain des interlocuteurs j'ai rencontré divers soucis que cette agence a su régler sereinement et rapidement l'accueil a toujours très polie et très gentil je recommande vivement cette agence,5,4
indemnités prévoyance versées très tardivement voire au début du mois suivant pour le maintien de salaire les appels téléphoniques ne servent à rien le personnel est peu professionnel et peu à l'écoute pas génial du tout,1,2
je suis satisfait merci l'olivier niveau inscription ça été simple tout est nickel je suis ravi d'être assuré avec l'olivier assurance encore merci franchement,5,4
je suis satisfaite du service et des prix j'arrive à joindre des conseillers le site est pratique merci pour votre accueil à chaque fois mais j'aimerais bien avoir une remise comme j'ai plusieurs types de contrat avec vous,5,4
je suis très satisfait et je trouve que c'est très simple simple d'utilisation le prix est très intéressant entièrement satisfait de la facilité avec laquelle on peut s'assurer aussi vite,5,4
tres rapide et efficace et tres compréhensif renseignement par tel tres efficace aussi je recommanderai a mon entourage par contre dans faire suivre document j'ai pas vu l'explication,5,4
je ne suis pas satisfait de la gestion des sinistres c'est n'importe quoi j'envoie des mails et personnes ne prend la peine de répondre 1 mois que ça traine et obligé d'avancer les frais de réparation alors qu'on est pas responsable on se demande pourquoi on vous paye,2,1
plus de 6 mois que essaye de contacter cette assurance au sujet de mon crédit car je suis en invalidité mais pour les prélèvements sa ils mette pas 6 mois scandaleux je déconseille cette assurance ainsi que pour la voiture et appartement car je suis assurée chez eux que je vais m'y enlever,1,2
- je vous ai contacté pour une demande d'assurance pour un nouveau véhicule à la suite d'une longue discussion de 45 minutes sur le site de marseille par l'intermédiaire de mr b olivier je me suis vu refusé un accès à l'assurance de mon véhicule nous sommes assurés chez vous depuis au moins 21 années je ne compte pas avant cette personne n'a pas voulu discuter ou essayé de comprendre ma demande d'assurance de véhicule la seule possibilité était par la négation je pense qu'un peu de dialogue aurait été bénéfique pour tout le monde je n'ai d'ailleurs pas essayé de chercher à aller plus loin dans la conversation car cela n'était plus possible cependant cette personne a bloqué mon compte internet sans aucune concertation ni aucunes informations de sa part - concernant la hausse tarifaire professionnelle sur un nouveau véhicule nous n'avons pas reçu d'information concernant cela - j'ai bien regardé sur le document d'information évolution tarifaire 2021 et à aucun moment il est fait allusion de l'évolution tarifaire professionnelle - cela est un manque d'information inqualifiable d'autre part j'ai fait une demande de document sur le site internet maif concernant une copie d'attestation carte verte cela s'est reproduit deux fois et encore à ce jour j'attends toujours ce papier pour suivre je ne crois pas que tout cela vaille encore l'intérêt de faire croire à ce que l'ensemble des sociétaires soient égalitaires,1,2
c'était parfait merci très pro accueil téléphonique au top tarif intéressant je recommande j'espère en cas de sinistre que cela sera identique car c'est à ce moment là que l'on reconnait une bonne assurance,5,4
j'ai eu un accident la semaine dernière et ai été opérée j'ai contacté ma mutuelle génération cette semaine ils ont fait immédiatement le nécessaire pour prise en charge car je suis immobilisée l'aide arrive dès la semaine prochaine,4,2
notre véhicule a été volé devant notre domicile le 21 avril 2018 9 semaines sur le trottoir aucun bris glace constaté les 2 clefs n'ont pas été volé et l'assurance tarde à nous payé 25000 suivant facture d'achat car véhicule ressent acheté il y a moins de 1 an nous avons remis dans les temps l'ensemble des documents permettant à l'assurance de nous éditer une proposition d'indemnisation nous l'avons reçu 30 jours après et signé dans la foulée le 25 mai voir pj la carte grise le cerfa 15776 01 rempli et signé ainsi que les 2 clefs ont été remis à notre agence le 25 mai depuis ce jour 695 en accessoires nous ont été payés le 30 mai et depuis plus aucun échange de la part de la matmut aucun courrier mail et appel téléphonique et suivi sur notre espace personnel la seule information que nous avons eu par téléphone est que notre dossier affiche informatiquement une anomalie le 4 juin et depuis pas de nouvelle il est important en tant que client d'être mis au courant sur le déroulement du dossier même s'il prend du retard le plus frustrant et stressant c'est l'absence d'informations on nous promet un courrier qui n'arrive jamais aucun conseiller local lille ou situé au siège de rouen ne se manifeste nous sommes désemparés nous ne dormons plus je suis obligé de me déplacer en train en métro ou même faire des km en trottinette pour aller travailler même un courrier en ar ne les stimule de plus nous nous sommes engagés pour l'acquisition de notre prochaine voiture et devons justifié auprès du garage chaque semaine sur l'absence de virement bancaire un vrai sentiment d'injustice,2,1
enfin j'ai réussi à signer je suis satisfait de votre service toujours bien informer et vous êtes joignable assez vite je vous recommanderais a mon entourage merci,3,4
je ne recommande pas cette assurance notre vehicule a ete vole et ils nous ont fait trainer 3 mois tout ca pour ne pas nous rembourser tres mauvaise gestion jamais la meme personne au telephone,3,2
horrible je travaille chez lidl et j'ai aucun remboursement mais il mon prélevée 100 mais toujours aucun remboursement en 4 mois d'attente et je ne peux pas partir de la bah sauf si je quitte mon travaille,1,2
on est qu au début et mal heureusement j ai eu une très mauvaise expérience car vous m avez pas remboursé un par brise ou j ai avancé l argent malgré que je sois assurée pour cela c etait april baie mahaut avec la voiture de mme lubin mandy,4,2
je suis chez april avec l'assurance expatrié ainsi que plusieurs collègues d'une même entreprise depuis maintenant 1 5 ans nous sommes plusieurs déçus voir révoltés par leurs pratiques mauvais calculs de leur part et négociation compliquée et chronophage pour le remboursement des sommes dues temps de réponse long voir réponse inexistante de leur part récemment 450 de remboursements m'ont été refusés pour des frais dermatologiques attention de bien lire les clauses des contrats dans le détail les informations sont biaisés sur leurs documents de garanties n'indiquant pas la liste incroyable des exceptions de garanties,1,2
je viens de recevoir l accord sur le devis dentaire après un entretien téléphonique avec mariama en effet la demande avait été faite par mail et je trouve dommage que l on doit téléphoner car les infos de suivent pas,4,2
je suis satisfaite du prix de la facilité d'inscription du délai et de la rapidité d'avoir un devis les mails je recommanderai facilement l'olivier,3,4
très bonne conseillère sympathique et professionnelle elle a su résoudre toutes mes doutes problèmes très satisfait du service client,3,4
je suis satisfait concernant le tarif et les garanties offertes pour ce véhicule d'autant plus que vous assurez la charge des formalités de résiliement de mon contrat actuel à la maif,4,5
dommage qu'on soit balade de personne à personne avec des discutions contradictoire résultat je résilié tous mes contrats ils sont pas dans l'humain pendant covid et maladie on devait trouvé un arrangement une fois oui on vous rappelle jamais rappeler on me supprime la mensualité sans préavis ah si courrier bien après au bout du fil une incompetant,1,2
generali ne repond pas aux mails ni aux recommandés concernant le paiement d'une assurance vie,1,2
accident en belgique 700métres de la frontière française appel à 10h15 j'ai eu 5 intervenants ils me disent on vous prend en charge 12h je rappel encore pour faire évacuer la voiture 3 intervenants 13h rappel heureusement qui avait pas de corporel la direct assurance pas à la hauteur 13h40 arrive enfin le plateau,3,1
suite a mon appel téléphonique l'assureur éméline a bien répondu a mes questions que je lui est posé en plus agréable accueil et sympathique lors de mon appel merci,5,4
je suis satisfait du prix pour les prestations proposées facilité pour souscrire via internet j'avais déjà été assurée par april moto et j'en étais content,5,4
très bien rapide efficace bonne compréhension clair je suis satisfait je vais peut être assurer ma deuxième moto si prix compétitif a voir selon étude de devis,2,4
bonjour je suis très mécontente du contrat obsèques contracté par ma mère il y a plus de 10 ans elle avait fait ce choix pensant nous éviter le paiement de ses obsèques elle est décédée au mois d août et bien que le contrat mentionne un versement dans les 48h nous nous retrouvons dans une impasse au mois de juin apres nous avoir réclamé des documents différents à chacun de nos appels et après avoir fourni chacun d'eux par mail et courrier recommandé aujourd'hui le service client nous confirme depuis deux mois et demi que toutes les pièces sont rassemblées et qu ils ne comprennent pas pourquoi le service financier ne verse pas la somme or ce service n'est joignable que par mail et reste sans réponse que penser de telles pratiques devons nous nous déplacer pour rencontrer nos interlocuteurs qui abusent de la confiance des personnes agées prévoyantes devons nous engager une action auprès des associations de consommateurs,1,2
suite à un changement de véhicule principale le service client a étais très clair et réactif concernant les démarches à suivre sa étais rapide contrairement a d'autre assurance jamais eu de souci sur les devis ni de souci sur un dépannage ni de souci sur les prélèvement serte beaucoup de gens vont dire que c'est une assurance internet mais franchement je préfère payer 56 mois pour ma 1200 bandit de 1998 que 150 chez d'autre mutuel mieux connu arrêter de payer chère pour rien,5,3
je suis très satisfaite des services une équipe a l'écoute et disponible je recommande la gmf en assurance au niveau des tarifs ils sont abordable et s'adapte en fonction de vos besoins,4,5
bon courage pour quitter cette mutuelle il manque toujours quelque chose et fond traîner le plus longtemps pour continuer à prélever votre compte,1,2
bonjour je suis totalement désespérée de l'attitude de metlife je suis très mécontente je ne donne même pas une étoilé à cette assurance c'est le pire assureur connu dans ma vie c'est catastrophique c'est absolument impossible à joindre je suis assuré depuis le 5 avril 2019 mais ma banque n'avait pas encore accepté le changement d'assurance j'ai eu une réponse positive à partir du 5 décembre 2019 lettre que j'ai reçu le 25 novembre j'ai envoyé tous les documents le 27 novembre pour demander l'avenant de mon contrat avec le début du contrat le 5 décembre et aussi en demandant le remboursement de primes payé du 5 mai au 5 novembre je n'ai pas eu du tout de réponse j'ai relancé plusieurs fois le mail a dip metlife fr même de plusieurs adresses mail finalement j'ai eu une réponse que le 12 mai 2020 6 mois apres avec mon avenant de contrat qui commençait le 5 décembre et j'ai reçu un mail en disant que je serai remboursée le total que j'ai payé en plus du 5 mai au 5 novembre mais ils m'ont remboursé un 30 de ce que le mail disait j'ai envoie un mail pour demander pourquoi je n'ai pas reçu la somme totale et bien évidement pas du tout de réponse en plus pendant le confinement ma banque m'a demandé une lettre d'accord de la part de l'assurance pour reporter la mensualité de mon crédit vu que j'étais en chômage partiel j'ai envoyé un mail a dip metlife fr et aussi a gestion sinistre metlife fr et encore sans réponse dans le moment que j'avais besoin de l'assurance que je paie tous les mois et je n'ai pas réussi faire reporter mes mensualités je me demande pourquoi je dois continuer payer une assurance qui n'est pas là dans le moment que j'ai besoin ça sert a quoi avoir cette assurance je regrette infiniment avoir changer l'assurance a part que je ne récupère pas mon argent je ne compte pas avec les bénéfices d'avoir une assurance dans le cas je ne peux pas payer mon crédit si je pouvais ne pas mettre d'étoiles je n'en aurais pas mis un seule c'est n'importe quoi cette assurance j'ai eu une expérience désastreuse,1,2
bonjour premières impressions satisfaite rapide interlocuteur aimable pas d'attente téléphonique ou très peu satisfaction aussi au niveau des tarifs cordialement,5,4
je suis très satisfait d'une façon générale le rapport qualité-prix la réactivité et l'amabilité des conseillés en ce qui me concerne tout se fait automatiquement ma mutuelle est rattachée à ma carte vitale et je n'ai rien à envoyer les services sont très satisfaisants,4,5
je suis très satisfait de l'olivier assurance les prix sont convenables et le véhicule est très bien couvert je recommande vraiment cette assurance,4,5
après obtention par la conseillère d'une soi-disant dérogation je décide de signer et la mon bonus disparait comme par magie et dès qu'on appelle on tombe sur des gens arrogants qui vous disent que c'est normal bref je décide alors de résilier cette assurance sans engagement tant pis pour la perte de 30 euros des frais de résiliation et je fais comme demandé au téléphone par les conseillersn un simple mail suffit et bien non au bout de plus de 5 jours on me dit de faire un recommandé une vingtaine d'euros de frais d'inscription 30 euros de résiliation le cout du recommandé tout ça suite au mensonge d'une conseillère dont le seul but est de vous faire signer avec euro assurance bienvenue dans la galère,3,1
simple et pratique je suis satisfait j'aimerai juste une petite ristourne de temps en temps en tout cas votre réactivité est exemplaire bravo je vous recommande,5,4
les prix sont imbattables j'ai fait des devis auprès de plusieurs assurances et vous étiez les moins cher du coup je n'ai pas hésité en plus direct assurance s'occupe de la résiliation de mon contrat,5,4
chez eux depuis plus de 3 ans jamais aucun sinistre le jour où j'ai eu un bris de glace et que j'ai réparé dans un garage a côté on m'a envoyé le chèque de remboursement qui n'est jamais arrivé après avoir appelé à plusieurs reprises et envoyé des mails depuis plus de 3 mois on n'hésite pas à m'envoyer balader deux fois de suite j'appelle le service client et ils me disent que la procédure va prendre 10min je vous propose de vous rappeler dans 10 min ehh bin ils ne rappellent pas lamentable fuiiire,2,1
service client performant emballe et à l'écoute le prix est attractif avec un niveau de garantie très satisfaisant 40 moins cher que mon assurance précédente avec le même niveau de couverture,5,4
je suis satisfait du prix oui c'est pas cher mais pas de l'espèce perso il voulait pas marché sur mon ordinateur et en plus il manque une application,3,4
je trouve la baisse annuelle en fonction de gain de bonus supplémentaire dérisoire au titre que cela est selon les sinistres enregistrés dans l'année passée concernant le dprt 37 alors qu'en plus nous étions en confinement et que les français ont beaucoup moins roulés et par la même ont eu moins d'accident,3,2
ce n'est pas la meilleure concernant le montant des remboursements mais cependant ils sont très réactif et toujours disponible,3,4
très bien cout appréciable les e-mails de rappel communication très agréable siite web facile d'utilisation toujours quelqu'un pour répondre rapidement à nos questions,5,4
je suis satisfaite de l'accueil téléphonique effectué ce jour des garanties proposées par mon interlocutrice des tarifs et des garanties offertes,4,5
ahurissant,1,3
je suis insatisfaite de la qualité de service que vous accordez au traitement de mon dossier je dois moi-même relancer pour être informé du suivi de mon dossier vous êtes injoignable on a raccroché directement alors que nous étions en appel et que vous m'avez demandé de patienter c'est vraiment pas ce que l'on attend d'une société d'assurance surtout lorsqu'on est victime d'un sinistre,1,2
souscription simple et modalités bien expliquées le contact téléphonique a été très courtois mon interlocutrice a pris tout le temps nécessaire pour m'aider à souscrire,5,4
je suis satisfait les tarifs et services proposés restent corrects même si ça reste toujours trop cher pour un véhicule qui parcours moins de 5000km par an,3,4
refus de prévoyance tns pour obésité même si c'est légal humainement ça dit tout de cet assureur ce genre de discrimination me fait vomir cette assurance est a fuir,3,1
les prix de l'assurance voiture chez l'olivier sont très competitifs par rapport à d'autres assurances du marché et le systéme de parrainage est avantageux,5,4
je suis satisfait des prix et du service merci le site internet est clair et simple j'espère que pour le futur cela restera toujours aussi simple et compétitif merci et bonne continuation,4,5
en tête de liste des comparateurs d assurance bon compromis pour un véhicule ballade occasionelle sans limitions kilométriques a voir dans le temps s'il y'a des offres promotionnelles pour le basculement de mes autres moto,5,4
gwendal a répondu à rapidement à mes questions cet réponse on été très clair et satifesance et esplication clair et précis jai été bien informé et dirigeril et poli au téléphone et agréable,3,5
pour l'instant je suis satisfait il y a un service clientèle que l'on comprend et qui répond la déclaration d'assurance par internet est pratique et facile d'emploi,5,4
dans l'ensemble je suis satisfait de la couverture et des prix pratiqués par cet organisme de mutuelle prévoyance service client à l'écoute et rapidement joignable,4,5
bon prix,2,4
satisfaction rapport qualité prix rapidité facilité de paiement et souscription très bonne qualité prix compétitifs souscription rapide et rapide,5,4
aucun souci avec l'un de leur partenaire pour un bris de glace,5,3
méfiez vous de cette assurance qui est comme une toile araignée une fois la mouche pris dans son filet ne se gêne pour bien en profiter de vous dévorer,1,2
sinistre ouvert il y a un mois pour la toiture mais toujours pas prévu qu'il la repart j'ai une bâche en attendant qui fait un bruit monstre la nuit tjrs mon trou au plafond tjrs mes tuiles en moins de nouvelles fuites et surtout il fait froid dans la maison ils ont reçu le devis de l'artisan il y a deux semaines et après 15 jours de réflexion décident plutôt de faire intervenir un expert j'attends donc ce rdv mais dans combien de temps pour refaire un devis etc,1,2
fluidité des renseignement rapidité du traitement du dossier meilleur rapport qualité prix reste à l'écoute du client je recommande à ma famille,5,4
toujours trop chère une assurance - mais sinon je trouve vraiment pratique j'ai tout fais par téléphone mon frère ma parrainé et je suis pas déçue pour le moment,3,4
bonjour m daouda a été très aimable avec du professionalisme et beaucoup d'amabilité et gentillesse ii m a bien informé sur les questions que je lui ai posé bien cordialement,5,4
mécontent des prix qui augmentent tous les ans en 2016 400 en 2021 498 s'ils ne font pas un effort je partirai à la prochaine échéance ca fait plus de 25 d'augmentation en 5 ans mon salaire lui n'a pas pris 25,1,2
cet assureur est à déconseillé embrouille perpétuelles carte vert toujours érronnée remboursement après résiliation extremement long 1 mois voir plus conseillers à bout d'argumentation et impossibilité de communiquer aux responsables qui méprise leurs client franchement toutes les assurances du net sont vraiment que des fantomes quand les problèmes se corsent avec la clientèle,1,2
titulaire obligatoire d une assurance crédit a la caisse d epargne pour un prêt immobilier et étant dans l incapacité de travailler depuis deux ans je me pensais couvert par cette assurance apres deux ans de correspondance avec cette assurance a répondre a des questions de type administratif je me retrouve a devoir répondre sur des questions médicales du type date et nature du traitement suivi de octobre 2009 a mai 2016 nature des affections ayant motivé des arrets maladie de octobre 2009 a mai 2016 et encore plein de questions de ce type toute ces questions après deux ans d échange de courrier heureusement que je suis en couple et que ma femme travaille car si j avais du attendre l assurance cnp de mon crédit habitation je serai déjà a la rue il est évident que je ne percevrai jamais rien de cette assurance on m avait prévenu que pour faire valoir ses droits a l assurance crédit en cas de maladie il fallait avoir la foi etant en arrêt maladie depuis deux ans j avais le temps de répondre aux nombreux questionnaire de cnp mais vu la tournure des questions je repart pour deux ans de plus de correspondance j ai envoyé un courrier a ma banque en demandant de supprimer cette assurance ou alors changer d assureur j attends une réponse devrai je payer jusqu a mes 74 ans une assurance qui ne paiera jamais ou alors avec des années de retard,1,2
les prix sont bas pour les jeunes conducteurs avec peu de franchises et tout risques a voir dans le temps imbattables sur les prix ces sur bonne couuverture,4,3
je suis très satisfaite de vos services vos prix correspondent à mon budget merci très cordialement mes sincères salutations je suis contente de votre qualité de service et de la prestation de vos téléopérateurs qui informent et renseignent bien,5,4
encore merci à caroline pour son amabilité et ses conseils une personne à l'écoute professionnelle et rigolote qui saura répondre à vos question avec une forte sympathie,5,4
a fuir j'ai malencontreusement détérioré le gilet airbag d'une amie en l'approcheant trop prêt du pot d'échappement mais la maif a estimé que comme je détenai l'objet dans ma main ma responsabilité civile ne serait pas prise en charge pour un gilet a 400 balles merci c'est l'une de leur clauses qui jouent sur les mots afin de rembourser le moins possible en même temps il est difficile de détériorer ou endommager quelque chose sans le detenir heureusement que je n'ai pas eu un dégât des eaux ils m'aurait repondu que j'ai détenu le robinet qui a cassé,1,2
en attente pour pouvoir donner un vrai avis pour l'instant au téléphone j'ai bien était conseillé les prix sont attirants reste à voir si tout ceci sera toujours d'actualité dans les prochaines années,4,3
je suis depuis des années à la macif aujourd'hui vous êtes la honte de tous les organismes d'assurances sur le marché,1,2
si je pouvais mettre 0 étoile je l'aurai fais je déconseille vivement très mauvais rapport qualité prix et je ne parle pas du service sans doute la pire assurance possible,1,2
à l'occasion d'un changement de voiture filia-maif commence par facturer des frais qui ne sont pas dans le contrat elle est ok pour les ristourner suite à une réclamation de ma part mais émet ses prélèvements sans tenir compte de la ristourne je refuse donc un prélèvement et filia-maif a résilié tous mes contrats assureur soi-disant militant à éviter absolument car de mauvaise foi,2,1
globalement satisfaite par contre par du tout contente sur le non remboursement d injection de durolane non remboursé alors que ce type de mesure n est pas inscrit dans le contrat ce qui veut dire que les régles changent au bon vouloir de l assureur j ai porté une réclamation laisse lettre morte hormis le fait de dire que c est non,3,2
je suis vraiment très satisfait du service que vous proposez je recommande direct assurance et je suis prêt à parrainer un de mes proches lors de ses prochains achats en matière d'automobile ou d'immobilier,3,4
la maaf pour moi est égale à extorqueur donc je me présente pour souscrire une assurance habitation jusque la tous va bien au moment de signer il y a bien sur les feuilles sur le bureau et à la fin de la fil un contrat supplémentaire non demandé assurance tranquillité famille donc je demande la conseillère c'est quoi elle me répond que c'est la responsabilité civile elle me dit vous en aurez besoin si vous avez des enfants car il vont vous la demandez bon je lui fait confiance et je signe ayant un enfant à la crèche j'en ai besoin en rentrant chez moi je vérifie ce que c'est cette assurance et au final rien avoir donc les conseillers mente fond de la vente forcé et mensongère bref dans un an en-revoir la maaf et je ne ferais aucune pub pour bien au contraire a prés tous c'est peut être la politique de la maaf de garder leur client juste une année en les taxant au maximum en clair évité complètement cette assurance a part si vous aimés les menteurs,1,2
déjà assuré chez amv depuis 2015 pour un nouvel achat de moto je suis revenu naturellement sur ce site très pratique rapide et simple d'utilisation ras,5,4
au moment de changer de véhicule j'ai dû payer une majoration de mon contrat on m'a fait contracter une protection juridique que je n'ai pas demandée après contact on m'a assuré que je pouvais résilier mais pas possible au bout de quelques mois ce jour j'ai complètement résilié mon contrat donc la maif a changé et pas en bien,2,1
pas toujours satisfait car jamais reçu mon attestation 2021 sur mon honda accord assuré chez vous j aimerai que l attestation des assurances de l année suivante soit automatique au courrier merci,2,3
j'ai deux sinistres déclarés dans lesquels je ne suis pas responsable et je n'ai pas reçu de remboursements trop cher et service mauvais je ne conseillerais cet assureur à personne,1,2
bien servie par l assureur et par le courtier et bien compris,4,3
bonjour les informations d'emilie ont été très claires et très rapides donc je suis tout à fait satisfait de sa prestation avec mes meilleurs sentiments françois prêcheur adhérent 502456,3,4
je suis chez eux depuis 2012 et je suis satisfait de leur service,3,4
mauvaise assurance que je ne conseille à personne j'ai arrêté mon assurance fin août et je suis toujours en février 2021 prélevé c'est une honte vivement la fin de toutes mes assurances chez vous,1,2
un peu cher et franchise élevé sinon prestations optimales beaucoup de pubs peut etre diminuer les couts serait judicieux,1,2
très bon service quand on a les moyens de se l'offrir j'ai toujours eu la bonne surprise de la prise en charge intégrale ou quasi intégrale de mes frais médicaux particulièrement appréciable lorsque l'on a régulièrement besoin de spécialistes,3,4
en toute franchise cela fait un mois que j'ai un dégat des eaux et je n'obtiens rien mais rien j'appelle on me dit on va envoyer un plombier pour un devis avec une société qui se trouve à 200 km de chez moi 5 jours aprés toujours rien puis j'ai arrété moi même le fuite sinon les dégâts seraient énormes puis j'ai proposé d'avancé moi même dans les travaux car avec pacifica rien n'avance on me dit il faut un expert 3 jours après toujours rien en un mot je vais appeler mon assistance juridique pour voir ce que je peux faire contre mon assurance le but de pacifica est d'attendre d'attendre et d'attendre le seul point positif sophie de pacifica comprend notre détresse,2,1
le coût de la prime est assez élevé mais c'est logique par rapport aux remboursements des frais de santé j'ai beaucoup de problèmes avec ma connexion mot de passe incorrect même après vous avoir contacté pas de réponse à mes demandes de reconnexions,4,2
plateforme intuitive prix attractif j'ai connu cette assureur par le lynx et il m'a fais économiser plus de 600 sur mon ancien contrat de voiture je recommande,4,5
le service est satisfaisant et rapide le tarif est attrayant convient au petit budget service joignable à tout moment et cela répond à mes attentes,5,4
j'ai toujours été satisfait des services d'axa cependant étant dans le var ces deux dernières années j'ai subi deux inondations liées aux évènements climatiques j'ai payé mes franchises et j'ai reçu une augmentation de ma prime de presque 50 sans que l'on me prévienne de plus suite au coronavirus nos revenus ont baissé drastiquement vive la solidarité je suis en train d'hésiter de partir car à la concurrence même en déclarant ces deux sinistres nous sommes à quasiment la moitié du prix de ce que axa nous réclame pourtant je n'ai pas envie de partir,1,3
une augmentation du tarif annuel tres forte cette annee par rapport a 2020 je ne comprend pas vraiment cette hausse a voir lannee prochaine cordialement,3,2
satisfait des tarifs mais dommage de régler avant de finaliser le contrat trop long pour la carte verte malheureusement on le découvre trop tard dommage,3,4
je suis satisfait de service internet mais j'aurais aimé avoir un appel pour mieux expliquer le devis et le contrat j'espère que je ne verrai pas de surprise,5,4
je ne comprends pas pourquoi je paye plus cher qu l'année dernière on est pas censée payer moins cher justement avec le bonus gagné chaque année sincèrement c'est pour moi la dernière que je vous donne mon argent je préfère de loin payer plus cher ailleurs et être prise en charge correctement plutôt que de rester chez vous où tout est fait à distance et vous ne prenez même pas en charge les incidents ou vols les plus bénins dont on est parfois victimes en plus pour une année covid où l'on a beaucoup moins utilisé nos véhicule vous ne faites même un effort financier vous prenez plus que d'habitude,1,2
les prix me conviennent prix quasiment divisé par 2 par rapport à mon assurance précédente avec plus d'options tiers étendu contre tous risques ici,5,3
oh combien je plains les malheureux sinistrés de la région des alpes maritimes ayant subit un simple cambriolage sans parler de ceux qui ont été touchés dans la vallée de la vésubie ou de la roya il va leur falloir avoir une immense patience en ce qui me concerne j'ai été cambriolé fin octobre alors que j'étais en vacances en corse et après avoir communiqué tous les documents réclamés par le service sinistre qui a bien cherché à reculer le plus possible le moment de l'indemnisation en réclamant des informations qui n'étaient pas forcément nécessaires comme le numéro d'immatriculation des véhicules dont les doubles de clés avaient été dérobées pas les véhicules qu'ils assurent et dont ils ont les immatriculations non juste des clés cela fait donc déjà bientôt 2 mois et malgré mes messages sur le site via la messagerie interne je n'ai à ce jour toujours aucunes nouvelles j'ai demandé un rendez-vous avec le directeur de mon agence et en fonction du résultat de cette rencontre j'actionnerais la voie judiciaire ou pas je vous tiendrais informés,1,2
je suis très satisfaite du service client de l'écoute de la rapidité et des prix plus bas par rapport à mon ancienne assurance je recommande l'olivier assurance,1,5
bonjour je suis chez vous depuis 20219 je n'ai eu aucun sinistre et ma cotisation est passée de 790 à 904 annuelle en 2 ans avec le covid je croyais que les assurances avaient gagnées de l'argent du fait que les véhicules aient moins été accidentés je ne comprends pas cette hausse,1,2
je suis satisfais du services bon rapport qualité prix accessibles a toutes les bourse je recommence fortement direct assurances rapide éfficace sans prendre de rdv,3,5
service client compliqué demande de retour de police faite il y a cela maintenant 3 mois après un mois sans aucune nouvelle et après avoir adressé les documents aucune nouvelle pas d'accusé de réception la première fois on me dit que mes documents ont été a priori bien été reçus que je devrais recevoir un courrier et que cela va prendre un mois de délai le courrier n'arrivant pas je fais des appels répétés de relance toutes les semaines et là on m'annonce deux mois de délai pour finalement au bout de 2 mois m'annoncer un délai de trois mois ce jour étant maintenant à 3 mois nouvel appel de ma part une personne très aimable me répond qu'elle ne sait pas où en est mon dossier et qu'elle transmet ma demande et qu'elle ne peut pas m'en dire plus je lui demande si elle a une trace de mes appels précédents elle me répond que non je lui demande si je peux avoir un interlocuteur qui serait plus à même de me renseigner et là encore ce n'est pas possible je trouve cela assez inhumain je ne comprends pas comment on peut laisser les personnes comme cela dans l'attente,2,1
je suis dégoutée par cette assurance 35 ans de fidelité pour rien ma maison a été sinistrée par la sécheresse et depuis juin 2019 je me bats pour être indemnisée son expert a préconisé une reprise en sous oeuvre mais la matmut refuse et a commandé juste un agrafage des fissures en sachant très bien que ca ne tiendra pas et que ca ne va pas suffire pour empecher ma maison de s'affaisser davantage,3,1
cela fait 1 mois et demi qu'on me mène en bateau juste pour avoir le gestionnaire de mon dossier sinistre il me donne des rendez-vous telephonique qui ne sont pas honorés depuis 1 mois et demi aujourd'hui il m'ont appeler j'ai pas pu decrocher je les est rappelez 1 min après ils m'ont dit qu'il fallais pas rater l'appelle et ils m'ont redonnez un rendez-vous telephonique dans 1 semaine donc je doit patienter 2 semaine pour avoir un simple gestionnaire de sinistre depuis le 30 avril 2020 je suis sans véhicule et bien sur sans reponse concernant l'avancement de mon sinistre pourtant pour me prelevé 115euros par mois ils sont assidus je ne souhaite qu'avoir des information concernant l'avancement de mon sinistre et pour cette simple demande ils sont incapable je dois avancer les frais de réparations de mon véhicule qui s'élève a plus de 3000 euros mais apres avoir lu les commentaire des differents assurée je pense qu'il me remboursement en 2021,1,2
mutuelle santé à éviter à tout prix,1,3
j'attends de voir le montant définitif et si il correspond à mes besoins satisfaite de la rapidité pour recevoir les infos c'est très très pratique merci,2,4
je suis satisfait prix un peu élever mais je viens de m'assurer je suis jeune conductrice je verrais comment cela se passera sur la longueur et sur les prestations,5,4
difficile à dire je viens juste de m'inscrire pour les prix ça va et pour le site c'est bien et on arrive à avoir quelqu'un au téléphone maintenant à voir lorsque j'en aurai vraiment besoin sans l'espérer,3,4
je suis très satisfait de mon interlocutrice qui a été très professionnelle à l'écoute et disponible des réponses très claires tout ceci malgré le contexte compliqué de l'incendie du serveur informatique,4,5
bonjour j'attend mon relevé d'information demandé en recommandé par mon nouveau assureur depuis le 23 février 2021 jusqu'à ce jour 13 mars 2021 aucune nouvelle de la part de l'olivier assurance qui avait clôturé mon compte client dés réception du courrier bien entendu après prélèvement le code des assurance stipule que le délai est de 15 jours au maximum largement dépassé lors de la souscription tout étai fait en ligne aucun échange n'était fait hors ligne mise à part la vignette et là bizarrement rien,3,2
personnel très réactif et impliqué lors de mes demandes mon dossier a été traité rapidement a voir en cas de sinistre ce qui ne m'est pas arrivé en 6 ans d'où 4 étoiles seulement,4,3
les prix sont elevé de mon point de vu surtout avec une franchise qui est aussi importante mais le service client est vraiment satisfaisant je vous remercie,3,5
top super bonne écoute super structure et bien presi merci d'avance pour llles informations ki son rapide et bien ecrite ke meilleur prix grâce o services linx,4,5
bonjour les prix me conviennent cela devrait être simple et pratique j'espère que ce sera aussi simple en cas de sinistre merci de me recevoir parmi vous cordialement,3,4
une assurance toujours à l'écoute les démarches sont rapide nous ne sommes pas un numéro de client mais une personne propre je recommande cette assureur merci pour votre professionnalisme,5,4
maif ou est ton aura des années antérieures adhérent à la maif depuis depuis plus de 30 ans je suis extrêmement déçu de voir ce qu'elle devient actuellement je m'explique je viens de déclarer un sinistre d'habitation causé par edf qui en coupant un poteau a déclenché un incendie dans le quartier comme mes toiles de stores étaient brûlées par des flammèches j'ai fait établir un devis pour les remplacer la maif n'ayant plus ses propres experts elle a délégué ce travail à elex qui abaisse le montant de 1925 euros à 1277 euros je contacte donc cette expertise demandant logiquement l'adresse d'un artisan pouvant effectuer cette réparation pour ce prix et en réponse j'obtiens que ce sont les prix du marché en gros circulez il n'y a rien a voir ce cabinet d' expertise étant située à plus de 300 kms je ne sais pas si les prix sont plus bas dans sa région mais ici je ne trouve pas en outre bien que je ne sois pour rien dans ce sinistre il est prélevé 125 euros de franchise plus 280 euros qui me seront remboursés quand le travail sera fait si l'on y rajoute la différence de l'estimation d'elex il me faut débourser immédiatement environ la moitié du prix du devis initial comme je n'y suis pour rien je n'ose imaginer la tournure des événements si j'étais entièrement responsable ce n'est pas tout la maif me demande de prendre contact avec la mairie de la commune en charge du dossier incendie en vue d' un éventuel recours pour me rembourser la franchise c'est à ne rien y comprendre qui fait quoi est ce à l'assuré d'assumer lui même le travail de l'assureur je ne cache pas que malgré une certaine nostalgie je suis en train de chercher ailleurs,2,1
bonjour je suis satisfait de l'assurance auto la seule chose qui est vraiment dommage est que il n'y ai pas de service client joignable par téléphone cordialement,5,3
3 mois après ma souscription suite à un changement de voiture mon devis augmente de près de 10 le montant augment de 10 tous les ans sans avis indiquant précisément cette augmentation,2,1
contrat venant d'être signé prix intéressant voir à l'utilisation ayant une deuxième moto si cela me convient je l'assurerais également chez april moto,4,5
bien bon rapport qualité prix pour une première assurance automobile j'espère être pleinement satisfaite en cas de problèmes cordialement merci,3,5
je me permets de mettre un avis sur cette assurance qui d'après plusieurs échos est une super assurance ma famille étant assurés chez eux pour leur automobile m'ont fait part de leur professionnalisme alors je me suis précipité de les appeler en toute confiance pour faire une demande de devis bien évidemment j'ai envoyé par mail toutes les informations dont ils avaient besoin pour que je puisse recevoir un retour dans les plus bref délais après 3 semaines d'attente je décide de relancer la demande de devis et je n'ai reçu aucun retour hier le jeudi 04 02 2021 j'ai décidé d'appeler directement leur numéro qui est donc le 0969394949 pour demander un devis d'assurance automobile étant donné qu'ils n'ont pas su me répondre via mon mail et j'ai eu la patience d'attendre 1 journée entière afin d'avoir un devis correct car j'ai eu une première dame qui m'a donné un premier devis a 112 en tout risques un deuxième homme a 150 en tout risques et un troisième homme me disant que d'après le dossier que les deux autres premiers correspondants avaient crées le siège avait refusé ma demande et ne voulait pas m'assuré je ne trouve pas que cette assurance soit professionnelles ils ne sont la que pour l'argent ne vous attendais pas a avoir une réponse par adresse mail ou courrier postal en revanche ils répondent vite au telephone mais apres une journee entiere a attendre je suis tres déçu de la perte de temps qu'ils m'ont causés une journee entiere pour me dire que finalement le siege n'accepté pas de m'assurer et pourquoi il n'a aucune excuse ah si j'ai eu un accident 100 responsable en 3 ans de permis bien sur sa il ne me l'ont pas dit mais je ne suis pas bete au fond de me dire qu'ils ne veulent pas m'assurer par un simple coup de tete et a en lire les commentaires ils en veulent qu'a notre argent car tout ce qui concerne les reparations apres un sinistre ne les regarde en rien car tout ce que vous pouvez declare ils en deviennent aveugle assurance a fuir j'ai des choses a rajouter mais sa serait leur acordé trop d'importance pour rien ils vont perdre tout leurs clients a commencer par moi et ma famille,1,2
je n'ai jamais vue une assurance aussi nuuuuulll que celle ci c'est grave ça fait 4 mois que j'attend mon virement de ma moto et toujours sans réponse et la gestionnaire ce permet de me dire ça ferra bientôt 5 mois en rigolant c'est insultant une assurance a fuiiiirr n'assurez surtout pas vos véhicules chez eux pour les prélèvements ils sont présent mais pour les remboursements y'a plus personne je ne recommande surtout pas cette assurance même à mon pire ennemi,1,2
en 4 ans je n'ai eu qu'un seul accident non responsable qui remonte à 1 an et demi il y a 3 mois j'ai fait détruire mon véhicule aujourd'hui je reçois une décision interne arbitraire de direct assurance qui me dit que mon contrat sera résilié à la date anniversaire pourtant lorsque j'ai fait détruire mon vehicule j'en ai informé un conseillé qui m'a demandé deenvoyé les documents par mail et donc suite au courrier que je reçois aujourd'hui et en vérifiant mes comptes il apparaît que direct assurance continue tranquillement de se servir sur mon compte scandaleux je fais appel à une association consommateurs parce que là c'est trop,1,2
le service euro fil est bon j ai eu deux fois un problème de vitre et ils ont été a l écoute et on fait le nécessaire pour les règlements lorsque je demande un renseignement ils sont a l écoute pour le moment je suis satisfait,4,3
ras tout c est très bien passer facilité de compréhension niveau expliquation nickel rien a dire c étais parfait plus qu à attendre les papiers,3,4
et si j'avais pu mettre 0 je l'aurais fais bon pour les tarifs ok mais j'espère attirer l'attention de quelqu'un de compétent dispositions particulières déjà envoyées par mail le 09 mars attestation de conduite permis ue recto verso déjà envoyé par mail le 09 mars relevé d'information envoyé le 16 mars mais à mon grand regret je me suis trompée d'adresse en faisant simplement répondre à l'adresse du courtier qui m'avait envoyé les documents à signer du coup visiblement personne n'a reçu mes documents et à 10 jours de la fin du délai je reçois une lettre recommandée me disant que je vais être résiliée sous 10 jours soit le 08 mai aurait-il été trop compliqué pour le courtier qui à établi mon contrat de me faire un retour de mail pour me dire que ce n'était pas la bonne adresse ou envoyer mes documents pas de numéro de téléphone sur la lettre recommandée pas d'internet chez moi zone blanche et en arrêt maladie donc je ne peu prendre le dossier en main qu'aujourd'hui depuis ce matin 11h c'est la 3 ou 4ème fois que je téléphone et que je tombe sur les fameux opérateurs avec leur discours bien rodé et qui dès qu'on sort des sentiers battus sont incapables de répondre à nos questions 14h40 mon problème n'est toujours pas réglé et en plus nous avons déjà un contrat chez eux mais au nom de mon mari avec un espace client par lequel je pourrais gérer tout ça mais il faut tenez vous bien que je résilie le contrat qu'on veut me résilier pour le mettre au nom de mon mari sans quoi je suis obligée de recréer un espace client avec une adresse mail différente sauf que et bien sur le contrat de monsieur et sur le mien c'est la même adresse mail donc l'informatique refuse toute manipulation car l'adresse mail est uniquement attribuée à monsieur alors qu'au téléphone personne ne m'a dit quoi que ce soit vous connaissez l'histoire du chien qui se mord la queue il s'appelle april donc je viens de renvoyer un mail à la bonne adresse avec de nouveau les fameux documents et j'appelle tout de suite pour savoir si ils les ont reçu pas possible de répondre à ma question donc en bref je suis à 5 jours de la résiliation de mon contrat et personne n'est capable de me dire si mon dossier est complet inutile de vous dire que je suis très mécontente de votre gestion ce n'est pas très plaisant de recevoir une lr juste quelques jours avant la résiliation imaginons que je sois dans l'incapacité de répondre sous 10 jours en vacances ou hospitalisée par exemple moi j'étais juste persuadée que vous aviez tous les documents sale boulot et aucunes considérations pour vos clients,1,2
satisfait de la communication efficace rapide et sérieux content de vous avoir comme assurance pour mon habitation et mes voiture merci cordialement monsieur et madame mellal,4,5
cette assurance n'est bonne que quand nous ne sommes pas encore client mais dès que nous avons signé le contrat il n'y a plus personne donc je décommande de prendre cette assurance vraiment pas sérieux pour les avoir au téléphone c'est impossible et pas de réponses aux mails,1,2
le niveau de prix est dans la moyenne à améliorer néanmoins axa est proche des clients grâce à ses agents compétents les garanties me semblent bonnes je n'ai jamais eu de sinistres j'aimerai avoir un bonus au delà de 50,4,3
je suis satisfait contact simpa merci cordialement pour votre service savoir faire avec votre client prestations bien bon prix très bonne journée merci encore une fois,3,4
après avoir réceptionné mon avis d'échéance daté du 07 11 19 et reçu le 13 11 19 un lrar a été envoyé le 27 11 19 avec cachet de la poste faisant foi à l'olivier en vue de résiliation de mon contrat auto dans le cadre de la loi chatel non seulement ces derniers ne veulent respecter la loi chatel et résilier mon contrat comme demandé dans le délai des 20 jours impartis mais en plus la somme prélevée de 332 22 euros est bien plus élevée que le montant qu'ils avaient proposé et que j'ai refusé d'où ma demande de résiliation j'ai donc été débitée de cette somme de 322 30 euros alors que je ne suis même pas assurée chez eux une honte l'olivier une assurance à ne recommander sous aucun prétexte,1,2
beaucoup de succursale très souvent un accueil très agréable,3,4
je suis chez neoliane depuis 4 ans rien a dire je suis très satisfaites en plus long bénéficie d'un service carte blanche je paie pas mon opticien ce qui es un point très postif,3,4
assurance trop chère lors d'un seul sinistre le rapport qualité prix n'est pas valable je suis partie 1 fois revenue pour avoir toutes mes assurances chez le même assureur je pense arrêter mon contrat auto déçu,1,2
apres 10 ans a la macif de thorigny sur marne je vais fuir cette sociéte qui n'a aucun scrupule et aucucne communications entre eux du coup qui mettent les sociétaires dans des situations tres délicates aucune écoute juste un numéro aprés tant d'années franchement on est juste bon payé,1,2
super de vrais professionnelles de la santé toujours à l'écoute pour nous trouver des contrat adaptés,5,4
pour le prix une étoile c'est suffisant la satisfaction une étoile reflète la froideur des réponses au téléphone de meme pour le bureau de douai qui n'est pas arrivé à entrer en communication pour traiter ce deuxième sinistre bilan j' ai changé d' assurance,1,2
je paie un pseudo sinistre depuis 2017 non déclaré par la victime à son assurance puisque pas assuré pas le propriétaire du véhicule pas de permis sur lui signalé lors de ma déclaration de sinistre à vous que je n'aurai pas du faire je suis passé de 505 00 par an en 2015 à 900 euros à ce jour honteux,1,2
en plus de leur incompétence et délais de non réponse aux mails affligeante ils commettent des erreurs dans leurs réponses aux devis notamment en dentaire et vous indiquent que certains de vos soins ne sont pas remboursables alors que ce n'est pas le cas faites vérifier leurs réponses aux devis par vos professionnels de santé en leur montrant votre tableau de garanties mercer vous n'êtes pas à l'abri de certaines surprises,2,1
très bon agent qui a su répondre à mes questions et attente personne très réactive et a l écoute merci de votre gentillesse cordialement mme simoens esther,5,4
je viens de résilier mon contrat au 31 08 pourquoi les 2 premières années depuis 2017 j'obtenais facilement et rapidement une réponse à mes questions mais plus ces 2 dernières de fait mon contrat n'étant pas responsable je me trouvais écarté des nouvelles dispositions de reste à charge 0 april a un fonctionnement très solide prise en charge remboursements mais pêche par manque de suivi de l'assuré comme beaucoup de mutuelles qui délèguent aux réseaux de courtiers la prospection commerciale leurs clients ne sont pas suivis les assurances gonflent leur portefeuille et les revendent à des plus grosses la résiliation déclenchée par ma nouvelle mutuelle se passe très bien merci april,3,2
facile à contacter prix très compétitifs j'ai bénéficié d'une réduction sur l'année suivante et les explications ont été a la hauteur de mes attentes,5,4
je suis très satisfaite de mon étude prix raisonnable rapidité simple efficace première fois je suis cliente chez vous à voir dans l'avenir,5,4
service client incompétent pas réactif personne qui daigne vous contacter pour une relation humaine mauvaise relation client assurance à éviter,1,2
depuis plus de 20 ans chez amv toujours professionnel et humain les bons renseignements les bons tarifs réactivité quand aux réajustements des contrats tout bien merci,5,4
les prix sont chères pour une personne ayant 4 ans de permis quand même a la demande de prix plus abordable pour un jeune étudiant c'est tout de même un peu couteux,1,3
attention attention alerte rouge ceci est un dernier avertissement pour les messieurs moins cher direct assurance est le pire assureur de france pas de problème quand il vous prélève des sous sur votre compte bancaire vous êtes directement résilié sans notification et sans préavis si vous avez le malheur d'avoir un sinistre mon véhicule c5 imat dg-653-pw j'ai été résilié sans courrier de notification en été 2014 après un sinistre je n'apprend ma résiliation que quand je contacte le service clientèle pour avoir une information,2,1
impossible à joindre au téléphone depuis la pandémie alors que mes autres assureurs ont repris le travail sinistre en souffrance depuis sept mois sans retour interlocuteurs injoignables toujours aucun remboursement alors que 100 victime demande exhorbitante pour fermer contrat alors que vehicule hs,2,1
la pub tv correspond à la réalité c est la maaf que je préfère faut prendre en compte tous les critères et au résultat tout se confirme,5,3
je suis assuré depuis 1 an à cette compagnie et je suis très mécontent du service de celle-ci en ce qui concerne le contact téléphonique après plusieurs appels à leur plateforme au dernier appel l'employé m'a raccroché au nez le service comptabilité avait commis une erreur sur notre prélèvement bancaire après avoir consulté ma banque qui m'informe que aucun rejet n'a été effectué je constate que la comptabilité de chez santiane est mensongère lors de la résiliation de mon contrat qui a 1 an d'existence au 31 décembre 2020 santiane invoque des délais pour la résiliation garder un client sous contrainte est-il sain en résumé fuyer cette mutuelle santiane,2,1
mise en place rapide du contrat réception rapide de la carte verte il serait plutôt utile d'envoyer tous les documents lors de la création du contrat pour éviter les oublis sinon tout est parfait,5,4
les prix ne me convienne pas vos tarifs sont erronés je ne conseille pas du tout je refais un devis avec les même information et j'obtient une différence de 100 euros,1,4
satisfait rapide pas chère efficas rapide merci direct assurance pour votre rapidité et vos tarifs abordables je vous recommanderrais a mes proche et amis,5,4
mon père est décédé au mois de mai j'ai envoyé le certificat de décès délégation de porte fort attestation d'hérédité etc j'ai payé ses dernières factures et envoyé le tout à néoliane le 15 juillet depuis ils ont fait 3 fois le virement sur son compte clôturé forcément en sachant qu'ils ont mon rib vu qu'ils me l'ont demandé deux fois je les relance une fois par mois pour leur laisser le temps de traiter le dossier mais c'est lamentable aux dernières nouvelles ils ont envoyé un chèque le 7septembre à son nom ce qui est totalement faut vu que je n'ai rien reçu et que j'ai fait l'ordre de réexpedition pour le courrier bref aucun suivi et font tout ce qu'il est possible pour ne pas rembourser,2,1
tres satisfait de vos services et de vos tarifs jje recommanderai volontiers votre formule si j'en ai l'opportunite continuez comme cela pour la plus grande satisfaction de vos clients,5,4
je suis satisfait du service car le service est rapide et efficace et très compréhensif répond au besoin des clientèles les démarches sont simple,3,4
je suis assurée pour mon véhicule depuis 42 ans tout de suite après avoir eu mon permis de conduire j'ai bénéficié des conditions bon conducteur bonus à 50 très peu de sinistres en 42 ans et là mal chance mon véhicule pillé de ses optiques arrières sur le parking du personnel de mon lieu de travail soit le chu afin d'éviter de me re-faire vandaliser mon véhicule je l'ai garé dans un endroit moins visible sur ce parking et de ce fait moins facilement accessible par mal chance j'ai heurté un pilier pour manoeuvrer au mieux donc effectivement deux sinistres rapprochés de victime de vandalisme je me retrouve coupable aux yeux de mon assureur la maaf ne renouvelle pas mon contrat d'assurance pour 2022 je suis scandalisée même le directeur de l'agence locale de la maaf trouve cette sanction trop sévère et soit disant irrévocable j'ai un profond sentiment d'injustice et de malveillance de la part de la maaf c'est scandaleux leurs fichiers ne tiennent pas compte de la raison des sinistres ni ne fait un lissage de la frequence des sinistres sur la longévité des contrats et aucune différence n'est fait entre un gros délinquant de la route et un conducteur sérieux,1,2
pas satisfaite j'ai demandé un prélèvement tout les 10 et j'ai constaté que je serai prélevé le 9 novembre et 6 décembre j'ai contacter le service mais a se jour aucune réponse je pense faire valoir mon délai de rétractation,3,2
je n'ai pas reçu ma carte verte définitive est-ce normal sinon depuis le début je vous sollicite vous êtes rapide quand vous répondez vous êtes rapide pour mettre en place les documents mais j'aimerais bien recevoir ma carte verte définitive merci,3,4
ne tomber jamais en panne avec cette assureur car vous devrez vous assister seul en panne sur l autoroute en espagne avec 3 enfants dont un nourrisson en plein cagnard 5h plutard ils relancer encore heureusement les espagnols sont intervenus,1,2
client de 1987 je paie 47 par mois pour que l'on me dise lors d'une demande assistance panne que j'ai droit si seulement 25 km de mon domicile rapatriement du véhicule au garage le plus prêt ici la rochelle j'habite à 200 km de là et j'ai juste droit à un billet de train puis après débrouille toi pour rentrer à mon domicile contact l'agence allianz qui me sort que j'ai a lire le contrat avant de signer et que j'ai eu plusieurs sinistres je lui demande des explications et là on me sort des sinistres non responsables depuis 1994 agent d'assurance non compétent je change d'assurance moins chère et plus d'avantages,1,2
gwendal interlocuteur efficace et précis dans sur les explications de la télétransmission ce qui n'est pas le cas d'autres mutuelles,3,4
du devis à la souscription les démarches sont rapides et simples je trouve la souscription en ligne rapide et simple les prix pratiqués sont très inintéressants,5,4
ancien de directe assurance le prix ma attiré j'ai essayé et je suis loin d'être déçu j'ai eu un petit accrochage depuis que je suis chez eux prise en charge rapide et efficace,5,4
je suis satisfait des services et les prix me conviennent simple rapide et efficace je recommande direct assurance cela vaut clairement le coup,5,4
des amateures de l'assurance je ne veux plus entendre parler d'eux 1ans et demi que je n'ai aucune reponse suite à un vol heureusement que ce n'etait pas un incendit ou catastrophe naturelle chez moi aucun serieux au niveau du traitement des dossiers aucune communication possible c'est le pyntagone à éviter,1,2
j'ai eu un arrêt il y a presque 4 mois et toujours aucune indemités je suis libérale sans autre source de revenus il manque toujours quelque chose finalement sans vraiment m'expliquer on me vire,2,1
bonjour niveau accidents je ne connais pas comme c est leur prise en charge vu que heureusement jamais arrivé par contre la permiere annee d assurance prix attractif pour gagne le cliente et apres au lieu de descendre comme dans toutes les assurances ils augmente le prix sans explications car pas d incident et puis ils m on toujours augmente la cotisation - a fuir,1,2
avons choisi santiane depuis 2014 lorsque nous n avons plus bénéficie de la mutuelle de groupe au travail,3,2
je suis satisfait du service les prix sont très raisonnables je remercie l'olivier assurances pour leur conseil et leur bonne humeur passer une agréable journée,5,4
je n'ai pas eu de souci avec la pacifica lors de sinistres ils ont un réseau de prestataires lors de dégâts donc je n'opte jamais pour avoir une indemnisation et de l'argent mais toujours pour que la pacifica se charge des travaux selon son devis de sorte qu'ils ne puissent pas dire que les devis des artisans sont trop chers,4,2
pour les contacter numéro surtaxé après 5 minutes d'attente la téléconseillère joue la mauvaise qualité de la ligne qu'elle ne m'entends pas que le son est saccadé qu'elle n'entends qu'un mot sur deux mon téléphone fonctionnait juste avant et juste après et j'entends parfaitement ses collègues derrière elle et quand je lui dis que je n'appelle pas d'un portable mais d'un fixe pouf ça raccroche,1,2
satisfaisant au regard des maigres prestations fournies par rapport au prix proposé mais je crois que c est le même problème avec toutes les assurances,4,3
bonjour j'ai souscrit un contrat d'assurance vie euractiel chez axa le 1er octobre 2012 en raison des nombreux frais précomptés mon contrat a actuellement une performance à -67 malgré les nombreux versements effectués durant toutes ces années pour cette raison je souhaite procéder au rachat total de mon contrat d'assurance vie auprès d'axa malgré de nombreux mails envoyés et de nombreux appels effectués depuis plusieurs mois je n'ai obtenu aucune réponse de la part de mon conseiller axa cordialement,1,2
a la signature de votre 1er contrat tarif d' appel à des tarifs très préférentiels au renouvellement des tarifs de rattrapages avec une augmentation exponentielle 15 06 pour moi en assurance tous risques indiscutable car mes calculs ne sont pas les leurs 1ère année à la signature cotisation annuelle ttc après bonus formule tous risques 244 82 2ème année renouvellement cotisation annuelle ttc après bonus 281 70 calculez pour eux 2 2 ne font pas 4 ce sont les secrets bizarres de l' assurance,1,2
bonsoir nous sommes profondément déçu de la suite qui a été donnée à notre requête nous avons déclaré le vol à l'intérieur de notre véhicule par effraction le 01 08 2019 sachant que nous n'avions pas cocher l'option de quelques euros qui nous permettait la prise en charge des affaires volées et ou la réparation d'une rayure du capot nous avions sollicité auprès de votre service un geste commercial nous pensions que notre fidélité depuis 16 ans et les 6 contrats souscrits à ce jour pouvaient faire valoir une certaine reconnaissance ce n'est que 6 semaines plus tard que nous recevons un courrier hostile qui nous explique que la mutuelle ne peut intervenir pour la possibilité d'une participation exceptionnelle c'est la 2ème fois que nous sommes confrontés à la déception de vos services en conséquence nous en concluons qu'un adhérent reste un adhérent lambda si celui-ci n'est pas satisfait matmut préfère la résiliation de contrats que d'opter pour un geste commercial et la fidélisation de ses clients,1,2
caroline a été d'une grande efficacité en résolvant en temps réel un problème de télétransmission 5 mn après nos échanges j'ai reçu un appel de la sécurité sociale me confirmant l'activation difficile de faire mieux merci caroline,4,3
service clientèle nul dans un premier temps accord de prise en charge assurance puis refus 48 h après un service clientèle qui ne comprends rien à fuir,1,2
service client inexistant lamentable serait encore plus juste absolument injoignables on se demande même pourquoi avoir mis en place un numéro de tél destiné aux clients nullissime a éviter incroyablement mauvais,3,1
bonjour je n'ai jamais eu à me plaindre de cette mutuelle pour mon chien depuis 2 ans je les quitte non pas pour une insatisfaction mais pour une nouvelle car pour 2e de plus il y a un remboursement à 100 sur frais maladie et accidents au lieu de 60,4,2
je suis très satisfait content de votre service qui est pratique rapide et écologique pourriez-je vous prie de bien vouloir me donner l'adresse du siège de votre direction,3,4
devis très simple et rapide très bon qualiter prix et ce fait assez facilement très satisfait de votre site internet et de votre efficasiter ne rien changer,5,4
ma maison à harnes est fortement dégradèe suite à des travaux de terrassement faits par un lotisseur sinistre déclaré le 04 01 2018 des experts incompétents sont intervenus et nient la réalité des faits a ce jour aucune indemnisation et ma maison s'écroule agèe de 79 ans je dois quitter ma maison et être hébergèe service sinistre laxiste et incompétent il y a quatre mois le service sinistre a conseillé de ne pas entreprendre de travaux tant que l'étude sols n'était pas réalisèe cette étude a été faite le 26 09 2018 et je suis sans nouvelles grace à axa ma maison s'est depuis affaissèe je vais porter cette affaire en justice et devoir engager des frais importants malgré ma pension très modeste aucune réactivité de cette compagnie d'assurance malgré de nombreux mails,1,2
nous sommes toujours très bien renseignés et le cas échéant si difficultés ils prennent le temps de comprendre pour résoudre le problème,3,4
mon interlocutrice m'a communiqué les informations dont j'avais besoin cela a été clair et précis j'ai pu faire mes démarches facilement merci de votre professionnalisme,3,5
je suis en tout risque intégral pour ma part 2 demandes non responsable et beaucoup de réactivité ma voiture en panne et 12 jours de prêt d'une voiture je suis satisfaite,4,2
bonjour pour payer les mensualités il n'y a pas de soucis et en cas de sinistre preparez-vous à vous battre pour être indemnisé aujourd'hui il vaut mieux être bien assuré la maaf à éviter absolument,1,2
je ne suis pas très satisfaite car j'ai essayé à plusieurs reprises pour finaliser mon inscription le sites ne fonctionne pas et pourtant j'avais du réseau,2,3
jeune enseignant je n'avais quasiment pas de demandes de remboursement et j'étais heureux de cotiser par solidarité aujourd'hui avec une vie de famille les petites demandes s'accumulent soins dentaires médecines spécialisées ophtalmo lunettes etc chaque demande de remboursement ou presque est rejetée malgré l'envoi de tous les justificatifs nécessaires sans envoyer plusieurs messages aucune chance d'être remboursé ou d'avoir la moindre explication sur un rejet c'est un long combat pour chaque demande de remboursement si perdre du temps ne vous fait pas peur allez-y comme l'ensemble des commentaires je constate que le rapport tarif qualité de service est extrêmement décevant,1,3
bon conseils lors de notre appel pour conseil petit hic sur le faut que si nous ne cochon pas la case d'acceptation de donner collecter gps localisation kilométrage ect nous ne pouvons valider l'assurance alors que nous n'avons pas souscris a you drive,4,3
assurance très médiocre réactivités à sinistre très longue cherche toutes les astuces pour ne pas payé très très déçu commercial efficace mais très mauvais suivi des sinistres,1,2
après 4 mois le décès de ma maman je suis beneficiaire du capital que j'attend depuis pour payer les pompes funèbres a chaque appel le dossier est au même point evitez cette assurance les 10 jours ne sont pas en aucun cas respecté,1,2
